{
    "name": "root",
    "gauges": {
        "Aikartcontroller.Policy.Entropy.mean": {
            "value": 0.8601850867271423,
            "min": 0.8212166428565979,
            "max": 1.7816877365112305,
            "count": 42
        },
        "Aikartcontroller.Policy.ExtrinsicValueEstimate.mean": {
            "value": 3.2645063400268555,
            "min": 0.021267525851726532,
            "max": 5.499592304229736,
            "count": 42
        },
        "Aikartcontroller.Policy.CuriosityValueEstimate.mean": {
            "value": 0.18738411366939545,
            "min": 0.017630504444241524,
            "max": 1.0132192373275757,
            "count": 42
        },
        "Aikartcontroller.Environment.EpisodeLength.mean": {
            "value": 1016.9,
            "min": 180.4179104477612,
            "max": 2855.296296296296,
            "count": 42
        },
        "Aikartcontroller.Self-play.ELO.mean": {
            "value": -249.3049261742482,
            "min": -249.3049261742482,
            "max": 1099.1538072332212,
            "count": 42
        },
        "Aikartcontroller.Environment.CumulativeReward.mean": {
            "value": 42.1589516916126,
            "min": -27.16831277712481,
            "max": 168.2278684892312,
            "count": 42
        },
        "Aikartcontroller.Policy.ExtrinsicReward.mean": {
            "value": 42.1589516916126,
            "min": -27.16831277712481,
            "max": 168.2278684892312,
            "count": 42
        },
        "Aikartcontroller.Policy.CuriosityReward.mean": {
            "value": 1.4071657044941093,
            "min": 0.15955493864021264,
            "max": 3.804876479420586,
            "count": 42
        },
        "Aikartcontroller.Losses.ValueLoss.mean": {
            "value": 0.10674812644720078,
            "min": 0.0683591291308403,
            "max": 2.4188835620880127,
            "count": 42
        },
        "Aikartcontroller.Losses.PolicyLoss.mean": {
            "value": 0.13143214583396912,
            "min": 0.09714984893798828,
            "max": 0.2003343403339386,
            "count": 42
        },
        "Aikartcontroller.Policy.LearningRate.mean": {
            "value": 0.0002376367338001728,
            "min": 0.0002376367338001728,
            "max": 0.00029917957726866007,
            "count": 42
        },
        "Aikartcontroller.Policy.Epsilon.mean": {
            "value": 0.17921221256256104,
            "min": 0.17921221256256104,
            "max": 0.19972652196884155,
            "count": 42
        },
        "Aikartcontroller.Policy.Beta.mean": {
            "value": 0.0039626904763281345,
            "min": 0.0039626904763281345,
            "max": 0.0049863532185554504,
            "count": 42
        },
        "Aikartcontroller.Losses.CuriosityForwardLoss.mean": {
            "value": 0.0700855702161789,
            "min": 0.011430561542510986,
            "max": 1.0462626218795776,
            "count": 42
        },
        "Aikartcontroller.Losses.CuriosityInverseLoss.mean": {
            "value": 0.6219234466552734,
            "min": 0.5762682557106018,
            "max": 1.7868261337280273,
            "count": 42
        },
        "Aikartcontroller.IsTraining.mean": {
            "value": 1.0,
            "min": 1.0,
            "max": 1.0,
            "count": 42
        },
        "aikartcontroller.Policy.Entropy.mean": {
            "value": 1.7603466510772705,
            "min": 1.7603466510772705,
            "max": 1.7686583995819092,
            "count": 2
        },
        "aikartcontroller.Policy.ExtrinsicValueEstimate.mean": {
            "value": 1.544523000717163,
            "min": 1.3411520719528198,
            "max": 1.544523000717163,
            "count": 2
        },
        "aikartcontroller.Environment.EpisodeLength.mean": {
            "value": 221.55555555555554,
            "min": 206.25888324873097,
            "max": 221.55555555555554,
            "count": 2
        },
        "aikartcontroller.Environment.CumulativeReward.mean": {
            "value": 6.977584214426649,
            "min": 6.977584214426649,
            "max": 8.164350779074702,
            "count": 2
        },
        "aikartcontroller.Policy.ExtrinsicReward.mean": {
            "value": 6.977584214426649,
            "min": 6.977584214426649,
            "max": 8.164350779074702,
            "count": 2
        },
        "aikartcontroller.Losses.ValueLoss.mean": {
            "value": 0.4547901153564453,
            "min": 0.4547901153564453,
            "max": 3.3554859161376953,
            "count": 2
        },
        "aikartcontroller.Losses.PolicyLoss.mean": {
            "value": 0.025487642735242844,
            "min": 0.02250565215945244,
            "max": 0.025487642735242844,
            "count": 2
        },
        "aikartcontroller.Policy.LearningRate.mean": {
            "value": 0.0002568710769992322,
            "min": 0.0002568710769992322,
            "max": 0.0002845926210284233,
            "count": 2
        },
        "aikartcontroller.Policy.Epsilon.mean": {
            "value": 0.18562369048595428,
            "min": 0.18562369048595428,
            "max": 0.1948641687631607,
            "count": 2
        },
        "aikartcontroller.Policy.Beta.mean": {
            "value": 0.0042826212011277676,
            "min": 0.0042826212011277676,
            "max": 0.004743723198771477,
            "count": 2
        },
        "aikartcontroller.IsTraining.mean": {
            "value": 1.0,
            "min": 1.0,
            "max": 1.0,
            "count": 2
        }
    },
    "metadata": {
        "timer_format_version": "0.1.0",
        "start_time_seconds": "1601973584",
        "python_version": "3.8.3 (default, Jul  2 2020, 17:30:36) [MSC v.1916 64 bit (AMD64)]",
        "command_line_arguments": "C:\\Users\\Tobias\\anaconda3\\Scripts\\mlagents-learn Assets\\Scripts\\Ai\\Trainer_config.yaml --train --run-id=WorkHardPlayHard3",
        "mlagents_version": "0.20.0",
        "mlagents_envs_version": "0.20.0",
        "communication_protocol_version": "1.1.0",
        "tensorflow_version": "2.3.1",
        "numpy_version": "1.18.5",
        "end_time_seconds": "1601976490"
    },
    "total": 2906.4413682,
    "count": 1,
    "self": 0.009990900000047986,
    "children": {
        "run_training.setup": {
            "total": 0.006156999999999968,
            "count": 1,
            "self": 0.006156999999999968
        },
        "TrainerController.start_learning": {
            "total": 2906.4252203,
            "count": 1,
            "self": 3.593575699933808,
            "children": {
                "TrainerController._reset_env": {
                    "total": 16.3139415999994,
                    "count": 22,
                    "self": 16.3139415999994
                },
                "TrainerController.advance": {
                    "total": 2879.1447373000665,
                    "count": 125230,
                    "self": 1.6159023000545858,
                    "children": {
                        "env_step": {
                            "total": 2877.528835000012,
                            "count": 125230,
                            "self": 2599.858044600048,
                            "children": {
                                "SubprocessEnvManager._take_step": {
                                    "total": 275.87762350003356,
                                    "count": 125230,
                                    "self": 8.895298800031185,
                                    "children": {
                                        "TFPolicy.evaluate": {
                                            "total": 266.9823247000024,
                                            "count": 250460,
                                            "self": 266.9823247000024
                                        }
                                    }
                                },