{"cameraMode":{"drawMode":0,"name":"Shaded","section":"Shading Mode"},"sceneLighting":true,"audioPlay":false,"sceneViewState":{"showFog":true,"showMaterialUpdate":false,"showSkybox":true,"showFlares":true,"showImageEffects":true,"showParticleSystems":true,"showVisualEffectGraphs":true,"m_FxEnabled":true},"in2DMode":false,"pivot":{"x":27.235126495361329,"y":3.7859323024749758,"z":-20.883323669433595},"rotation":{"x":0.17922553420066834,"y":0.6853504180908203,"z":-0.17997869849205018,"w":0.6824818253517151},"size":9.433401107788086,"orthographic":false}