{"cameraMode":{"drawMode":0,"name":"Shaded","section":"Shading Mode"},"sceneLighting":true,"audioPlay":false,"sceneViewState":{"showFog":true,"showMaterialUpdate":false,"showSkybox":true,"showFlares":true,"showImageEffects":true,"showParticleSystems":true,"showVisualEffectGraphs":true,"m_FxEnabled":true},"in2DMode":false,"pivot":{"x":19.347246170043947,"y":-10.408910751342774,"z":7.639288425445557},"rotation":{"x":0.17922553420066834,"y":0.6853504180908203,"z":-0.17997869849205018,"w":0.6824818253517151},"size":10.665472030639649,"orthographic":false}