{
    "name": "root",
    "metadata": {
        "timer_format_version": "0.1.0",
        "start_time_seconds": "1601474887",
        "python_version": "3.8.3 (default, Jul  2 2020, 17:30:36) [MSC v.1916 64 bit (AMD64)]",
        "command_line_arguments": "C:\\Users\\Tobias\\anaconda3\\Scripts\\mlagents-learn Assets\\Scripts\\Ai\\Trainer_config.yaml --train --run-id=customTrack_1",
        "mlagents_version": "0.20.0",
        "mlagents_envs_version": "0.20.0",
        "communication_protocol_version": "1.1.0",
        "tensorflow_version": "2.3.1",
        "numpy_version": "1.18.5",
        "end_time_seconds": "1601474995"
    },
    "total": 108.43437850000001,
    "count": 1,
    "self": 0.009120200000012346,
    "children": {
        "run_training.setup": {
            "total": 0.018495000000000594,
            "count": 1,
            "self": 0.018495000000000594
        },
        "TrainerController.start_learning": {
            "total": 108.4067633,
            "count": 1,
            "self": 0.0014503000000161137,
            "children": {
                "TrainerController._reset_env": {
                    "total": 45.415213,
                    "count": 1,
                    "self": 45.415213
                },
                "TrainerController.advance": {
                    "total": 60.006053699999995,
                    "count": 1,
                    "self": 1.2099999999293232e-05,
                    "children": {
                        "env_step": {
                            "total": 60.006041599999996,
                            "count": 1,
                            "self": 60.0060351,
                            "children": {
                                "SubprocessEnvManager._take_step": {
                                    "total": 6.499999997799932e-06,
                                    "count": 1,
                                    "self": 6.499999997799932e-06
                                }
                            }
                        }
                    }
                },
                "TrainerController._save_models": {
                    "total": 2.9840462999999886,
                    "count": 1,
                    "self": 0.007809599999987427,
                    "children": {
                        "RLTrainer._checkpoint": {
                            "total": 2.976236700000001,
                            "count": 1,
                            "self": 2.976236700000001
                        }
                    }
                }
            }
        }
    }
}