{
    "name": "root",
    "gauges": {
        "aikartcontroller.Policy.Entropy.mean": {
            "value": 1.5422477722167969,
            "min": 1.5200986862182617,
            "max": 1.782853364944458,
            "count": 10
        },
        "aikartcontroller.Policy.ExtrinsicValueEstimate.mean": {
            "value": 5.863006114959717,
            "min": -4.50047492980957,
            "max": 5.863006114959717,
            "count": 10
        },
        "aikartcontroller.Environment.EpisodeLength.mean": {
            "value": 2300.266666666667,
            "min": 173.7037037037037,
            "max": 2300.266666666667,
            "count": 10
        },
        "aikartcontroller.Environment.CumulativeReward.mean": {
            "value": 129.3724243561427,
            "min": -71.13647007197142,
            "max": 129.3724243561427,
            "count": 10
        },
        "aikartcontroller.Policy.ExtrinsicReward.mean": {
            "value": 129.3724243561427,
            "min": -71.13647007197142,
            "max": 129.3724243561427,
            "count": 10
        },
        "aikartcontroller.Losses.ValueLoss.mean": {
            "value": 0.3566719889640808,
            "min": 0.2908414304256439,
            "max": 2.513706684112549,
            "count": 10
        },
        "aikartcontroller.Losses.PolicyLoss.mean": {
            "value": 0.022653670981526375,
            "min": 0.022330086678266525,
            "max": 0.027455788105726242,
            "count": 10
        },
        "aikartcontroller.Policy.LearningRate.mean": {
            "value": 1.597030131961219e-05,
            "min": 1.597030131961219e-05,
            "max": 0.00028458196902647614,
            "count": 10
        },
        "aikartcontroller.Policy.Epsilon.mean": {
            "value": 0.1053234115242958,
            "min": 0.1053234115242958,
            "max": 0.19486066699028015,
            "count": 10
        },
        "aikartcontroller.Policy.Beta.mean": {
            "value": 0.0002756376634351909,
            "min": 0.0002756376634351909,
            "max": 0.004743546713143587,
            "count": 10
        },
        "aikartcontroller.IsTraining.mean": {
            "value": 1.0,
            "min": 1.0,
            "max": 1.0,
            "count": 10
        }
    },
    "metadata": {
        "timer_format_version": "0.1.0",
        "start_time_seconds": "1601976725",
        "python_version": "3.8.3 (default, Jul  2 2020, 17:30:36) [MSC v.1916 64 bit (AMD64)]",
        "command_line_arguments": "C:\\Users\\Tobias\\anaconda3\\Scripts\\mlagents-learn Assets\\Scripts\\Ai\\Trainer_config.yaml --train --run-id=WorkHardPlayHard4",
        "mlagents_version": "0.20.0",
        "mlagents_envs_version": "0.20.0",
        "communication_protocol_version": "1.1.0",
        "tensorflow_version": "2.3.1",
        "numpy_version": "1.18.5",
        "end_time_seconds": "1601977174"
    },
    "total": 449.8054226,
    "count": 1,
    "self": 0.30785350000002154,
    "children": {
        "run_training.setup": {
            "total": 0.006084800000000001,
            "count": 1,
            "self": 0.006084800000000001
        },
        "TrainerController.start_learning": {
            "total": 449.49148429999997,
            "count": 1,
            "self": 0.4474888000012811,
            "children": {
                "TrainerController._reset_env": {
                    "total": 13.9638775,
                    "count": 1,
                    "self": 13.9638775
                },
                "TrainerController.advance": {
                    "total": 433.00706449999865,
                    "count": 18581,
                    "self": 0.19991939999772512,
                    "children": {
                        "env_step": {
                            "total": 432.8071451000009,
                            "count": 18581,
                            "self": 411.6435021999952,
                            "children": {
                                "SubprocessEnvManager._take_step": {
                                    "total": 20.925796600002663,
                                    "count": 18581,
                                    "self": 0.6296938000027446,
                                    "children": {
                                        "TFPolicy.evaluate": {
                                            "total": 20.296102799999918,
                                            "count": 18581,
                                            "self": 20.296102799999918
                                        }
                                    }
                                },
                                "workers": {
                                    "total": 0.2378463000030102,
                                    "count": 18581,
                                    "self": 0.0,
                                    "children": {
                                        "worker_root": {
                                            "total": 434.44271249999935,
                                            "count": 18581,
                                            "is_parallel": true,
                                            "self": 60.78112810000215,
                                            "children": {
                                                "steps_from_proto": {
                                                    "total": 0.0007897999999997296,
                                                    "count": 1,
                                                    "is_parallel": true,
                                                    "self": 0.00024269999999937397,
                                                    "children": {
                                                        "_process_vector_observation": {
                                                            "total": 0.0005471000000003556,
                                                            "count": 2,
                                                            "is_parallel": true,
                                                            "self": 0.0005471000000003556
                                                        }
                                                    }
                                                },
                                                "UnityEnvironment.step": {
                                                    "total": 373.6607945999972,
                                                    "count": 18581,
                                                    "is_parallel": true,
                                                    "self": 1.687507499990204,
                                                    "children": {
                                                        "UnityEnvironment._generate_step_input": {
                                                            "total": 13.56965889999995,
                                                            "count": 18581,
                                                            "is_parallel": true,
                                                            "self": 13.56965889999995
                                                        },
                                                        "communicator.exchange": {
                                                            "total": 345.8435345000026,
                                                            "count": 18581,
                                                            "is_parallel": true,
                                                            "self": 345.8435345000026
                                                        },
                                                        "steps_from_proto": {
                                                            "total": 12.560093700004439,
                                                            "count": 18581,