{
    "name": "root",
    "metadata": {
        "timer_format_version": "0.1.0",
        "start_time_seconds": "1602140714",
        "python_version": "3.8.3 (default, Jul  2 2020, 17:30:36) [MSC v.1916 64 bit (AMD64)]",
        "command_line_arguments": "C:\\Users\\Tobias\\anaconda3\\Scripts\\mlagents-learn Assets\\Scripts\\Ai\\Trainer_config.yaml --train --run-id=Tornet1",
        "mlagents_version": "0.20.0",
        "mlagents_envs_version": "0.20.0",
        "communication_protocol_version": "1.1.0",
        "tensorflow_version": "2.3.1",
        "numpy_version": "1.18.5",
        "end_time_seconds": "1602140758"
    },
    "total": 43.959793499999996,
    "count": 1,
    "self": 0.019341199999992398,
    "children": {
        "run_training.setup": {
            "total": 0.021237499999999798,
            "count": 1,
            "self": 0.021237499999999798
        },
        "TrainerController.start_learning": {
            "total": 43.919214800000006,
            "count": 1,
            "self": 0.04196769999995098,
            "children": {
                "TrainerController._reset_env": {
                    "total": 13.959600000000002,
                    "count": 1,
                    "self": 13.959600000000002
                },
                "TrainerController.advance": {
                    "total": 23.61822670000006,
                    "count": 1301,
                    "self": 0.013854899999984127,
                    "children": {
                        "env_step": {
                            "total": 23.604371800000077,
                            "count": 1301,
                            "self": 21.557369600000158,
                            "children": {
                                "SubprocessEnvManager._take_step": {
                                    "total": 2.031083299999974,
                                    "count": 1301,
                                    "self": 0.046878499999955636,
                                    "children": {
                                        "TFPolicy.evaluate": {
                                            "total": 1.9842048000000183,
                                            "count": 1301,
                                            "self": 1.9842048000000183
                                        }
                                    }
                                },
                                "workers": {
                                    "total": 0.01591889999994578,
                                    "count": 1300,
                                    "self": 0.0,
                                    "children": {
                                        "worker_root": {
                                            "total": 26.314272200000023,
                                            "count": 1300,
                                            "is_parallel": true,
                                            "self": 6.105195900000108,
                                            "children": {
                                                "steps_from_proto": {
                                                    "total": 0.006168999999999869,
                                                    "count": 1,
                                                    "is_parallel": true,
                                                    "self": 0.00023610000000040543,
                                                    "children": {
                                                        "_process_vector_observation": {
                                                            "total": 0.005932899999999464,
                                                            "count": 2,
                                                            "is_parallel": true,
                                                            "self": 0.005932899999999464
                                                        }
                                                    }
                                                },
                                                "UnityEnvironment.step": {
                                                    "total": 20.202907299999914,
                                                    "count": 1300,
                                                    "is_parallel": true,
                                                    "self": 0.0945816999998641,
                                                    "children": {
                                                        "UnityEnvironment._generate_step_input": {
                                                            "total": 0.5321476999999639,
                                                            "count": 1300,
                                                            "is_parallel": true,
                                                            "self": 0.5321476999999639
                                                        },
                                                        "communicator.exchange": {
                                                            "total": 19.02316720000001,
                                                            "count": 1300,
                                                            "is_parallel": true,
                                                            "self": 19.02316720000001
                                                        },
                                                        "steps_from_proto": {
                                                            "total": 0.5530107000000744,
                                                            "count": 1300,
                                                            "is_parallel": true,
                                                            "self": 0.21166219999979496,
                                                            "children": {
                                                                "_process_vector_observation": {
                                                                    "total": 0.3413485000002794,
                                                                    "count": 2600,
                                                                    "is_parallel": true,
                                                                    "self": 0.3413485000002794
                                                                }
                                                            }
                                                        }
                                                    }
                                                }
                                            }
                                        }
                                    }
                                }
                            }
                        }
                    }
                },
                "trainer_threads": {
                    "total": 4.609999999871661e-05,
                    "count": 1,
                    "self": 4.609999999871661e-05,
                    "children": {
                        "thread_root": {
                            "total": 0.0,
                            "count": 0,
                            "is_parallel": true,
                            "self": 0.0,
                            "children": {
                                "trainer_advance": {
                                    "total": 23.5669089999997,
                                    "count": 9668,
                                    "is_parallel": true,
                                    "self": 0.24993879999989232,
                                    "children": {
                                        "process_trajectory": {
                                            "total": 21.13618339999981,
                                            "count": 9668,