{"cameraMode":{"drawMode":0,"name":"Shaded","section":"Shading Mode"},"sceneLighting":true,"audioPlay":false,"sceneViewState":{"showFog":true,"showMaterialUpdate":false,"showSkybox":true,"showFlares":true,"showImageEffects":true,"showParticleSystems":true,"showVisualEffectGraphs":true,"m_FxEnabled":true},"in2DMode":false,"pivot":{"x":-97.03479766845703,"y":61.86282730102539,"z":-38.949520111083987},"rotation":{"x":0.00000696613915351918,"y":0.9999897480010986,"z":-0.0015001218998804689,"w":0.004500053822994232},"size":66.4573974609375,"orthographic":false}