{"cameraMode":{"drawMode":0,"name":"Shaded","section":"Shading Mode"},"sceneLighting":true,"audioPlay":false,"sceneViewState":{"showFog":true,"showMaterialUpdate":false,"showSkybox":true,"showFlares":true,"showImageEffects":true,"showParticleSystems":true,"showVisualEffectGraphs":true,"m_FxEnabled":true},"in2DMode":false,"pivot":{"x":29.866458892822267,"y":-35.647281646728519,"z":114.81509399414063},"rotation":{"x":0.03786809742450714,"y":-0.854470431804657,"z":0.06291688233613968,"w":0.5142835378646851},"size":12.974214553833008,"orthographic":false}