{"cameraMode":{"drawMode":0,"name":"Shaded","section":"Shading Mode"},"sceneLighting":true,"audioPlay":false,"sceneViewState":{"showFog":true,"showMaterialUpdate":false,"showSkybox":true,"showFlares":true,"showImageEffects":true,"showParticleSystems":true,"showVisualEffectGraphs":true,"m_FxEnabled":true},"in2DMode":false,"pivot":{"x":-246.9962615966797,"y":228.57980346679688,"z":-44.337127685546878},"rotation":{"x":0.04337453842163086,"y":0.9564637541770935,"z":-0.19488072395324708,"w":0.21287983655929566},"size":12.422228813171387,"orthographic":false}