{
    "name": "root",
    "gauges": {
        "Aikartcontroller.Policy.Entropy.mean": {
            "value": 0.6423509120941162,
            "min": 0.45118001103401184,
            "max": 1.7879894971847534,
            "count": 93
        },
        "Aikartcontroller.Environment.EpisodeLength.mean": {
            "value": 4846.777777777777,
            "min": 200.57551020408164,
            "max": 4999.4,
            "count": 93
        },
        "Aikartcontroller.Policy.ExtrinsicValueEstimate.mean": {
            "value": 5.144153118133545,
            "min": 0.28539642691612244,
            "max": 5.162359237670898,
            "count": 93
        },
        "Aikartcontroller.Environment.CumulativeReward.mean": {
            "value": 247.51215362217692,
            "min": 3.0875371329334316,
            "max": 256.235675919801,
            "count": 93
        },
        "Aikartcontroller.Policy.ExtrinsicReward.mean": {
            "value": 247.51215362217692,
            "min": 3.0875371329334316,
            "max": 256.235675919801,
            "count": 93
        },
        "Aikartcontroller.Losses.ValueLoss.mean": {
            "value": 0.005023148842155933,
            "min": 0.0016394940903410316,
            "max": 0.3239482343196869,
            "count": 93
        },
        "Aikartcontroller.Losses.PolicyLoss.mean": {
            "value": 0.11405881494283676,
            "min": 0.08892413228750229,
            "max": 0.17035400867462158,
            "count": 93
        },
        "Aikartcontroller.Policy.LearningRate.mean": {
            "value": 0.00030000004335306585,
            "min": 0.00030000004335306585,
            "max": 0.00030000004335306585,
            "count": 93
        },
        "Aikartcontroller.Policy.Epsilon.mean": {
            "value": 0.19999997317790985,
            "min": 0.19999997317790985,
            "max": 0.19999997317790985,
            "count": 93
        },
        "Aikartcontroller.Policy.Beta.mean": {
            "value": 0.004999999422580004,
            "min": 0.004999999422580004,
            "max": 0.004999999422580004,
            "count": 93
        },
        "Aikartcontroller.IsTraining.mean": {
            "value": 1.0,
            "min": 1.0,
            "max": 1.0,
            "count": 93
        }
    },
    "metadata": {
        "timer_format_version": "0.1.0",
        "start_time_seconds": "1602141657",
        "python_version": "3.8.3 (default, Jul  2 2020, 17:30:36) [MSC v.1916 64 bit (AMD64)]",
        "command_line_arguments": "C:\\Users\\Tobias\\anaconda3\\Scripts\\mlagents-learn Assets\\Scripts\\Ai\\Trainer_config.yaml --train --run-id=Tornet2",
        "mlagents_version": "0.20.0",
        "mlagents_envs_version": "0.20.0",
        "communication_protocol_version": "1.1.0",
        "tensorflow_version": "2.3.1",
        "numpy_version": "1.18.5",
        "end_time_seconds": "1602151101"
    },
    "total": 9444.178055,
    "count": 1,
    "self": 0.013674699999683071,
    "children": {
        "run_training.setup": {
            "total": 0.007104500000000069,
            "count": 1,
            "self": 0.007104500000000069
        },
        "TrainerController.start_learning": {
            "total": 9444.1572758,
            "count": 1,
            "self": 21.442009799884545,
            "children": {
                "TrainerController._reset_env": {
                    "total": 54.813405100000004,
                    "count": 1,
                    "self": 54.813405100000004
                },
                "TrainerController.advance": {
                    "total": 9363.241569200116,
                    "count": 583769,
                    "self": 7.5286595996713,
                    "children": {
                        "env_step": {
                            "total": 9355.712909600445,
                            "count": 583769,
                            "self": 8541.0179848,
                            "children": {
                                "SubprocessEnvManager._take_step": {
                                    "total": 805.9030180001414,
                                    "count": 583769,
                                    "self": 23.05691890031551,
                                    "children": {
                                        "TFPolicy.evaluate": {
                                            "total": 782.8460990998259,
                                            "count": 583767,
                                            "self": 782.8460990998259
                                        }
                                    }
                                },
                                "workers": {
                                    "total": 8.791906800301682,
                                    "count": 583768,
                                    "self": 0.0,
                                    "children": {
                                        "worker_root": {
                                            "total": 9362.142754599987,
                                            "count": 583768,
                                            "is_parallel": true,
                                            "self": 1490.157054500085,
                                            "children": {
                                                "steps_from_proto": {
                                                    "total": 0.00044749999999993406,
                                                    "count": 1,
                                                    "is_parallel": true,
                                                    "self": 0.00018980000000112796,
                                                    "children": {
                                                        "_process_vector_observation": {
                                                            "total": 0.0002576999999988061,
                                                            "count": 2,
                                                            "is_parallel": true,
                                                            "self": 0.0002576999999988061
                                                        }
                                                    }
                                                },
                                                "UnityEnvironment.step": {
                                                    "total": 7871.985252599902,
                                                    "count": 583768,
                                                    "is_parallel": true,
                                                    "self": 49.219556499791,
                                                    "children": {
                                                        "UnityEnvironment._generate_step_input": {
                                                            "total": 211.64662220015123,
                                                            "count": 583768,
                                                            "is_parallel": true,
                                                            "self": 211.64662220015123
                                                        },
                                                        "communicator.exchange": {
                                                            "total": 7375.674489999779,
                                                            "count": 583768,
                                                            "is_parallel": true,
                                                            "self": 7375.674489999779
                                                        },
                                                        "steps_from_proto": {
                                                            "total": 235.44458390018073,
                                                            "count": 583766,