{
    "name": "root",
    "gauges": {
        "CarDriver.Policy.Entropy.mean": {
            "value": 1.0808459520339966,
            "min": 1.0808459520339966,
            "max": 1.7530312538146973,
            "count": 6
        },
        "CarDriver.Environment.EpisodeLength.mean": {
            "value": 133.93783783783783,
            "min": 8.324944071588368,
            "max": 133.93783783783783,
            "count": 6
        },
        "CarDriver.Policy.ExtrinsicValueEstimate.mean": {
            "value": 6.838027477264404,
            "min": 0.3904542326927185,
            "max": 6.838027477264404,
            "count": 6
        },
        "CarDriver.Environment.CumulativeReward.mean": {
            "value": 52.529798127670546,
            "min": 1.0707304600890883,
            "max": 52.529798127670546,
            "count": 6
        },
        "CarDriver.Policy.ExtrinsicReward.mean": {
            "value": 52.529798127670546,
            "min": 1.0707304600890883,
            "max": 52.529798127670546,
            "count": 6
        },
        "CarDriver.Losses.ValueLoss.mean": {
            "value": 18.37405014038086,
            "min": 1.4390325546264648,
            "max": 18.898754119873047,
            "count": 6
        },
        "CarDriver.Losses.PolicyLoss.mean": {
            "value": 0.023429516702890396,
            "min": 0.021823037415742874,
            "max": 0.027264852076768875,
            "count": 6
        },
        "CarDriver.Policy.LearningRate.mean": {
            "value": 0.0001337904977845028,
            "min": 0.0001337904977845028,
            "max": 0.000284628476947546,
            "count": 6
        },
        "CarDriver.Policy.Epsilon.mean": {
            "value": 0.14459678530693054,
            "min": 0.14459678530693054,
            "max": 0.19487616419792175,
            "count": 6
        },
        "CarDriver.Policy.Beta.mean": {
            "value": 0.0022353804670274258,
            "min": 0.0022353804670274258,
            "max": 0.004744320176541805,
            "count": 6
        },
        "CarDriver.IsTraining.mean": {
            "value": 1.0,
            "min": 1.0,
            "max": 1.0,
            "count": 6
        }
    },
    "metadata": {
        "timer_format_version": "0.1.0",
        "start_time_seconds": "1601540277",
        "python_version": "3.8.3 (default, Jul  2 2020, 17:30:36) [MSC v.1916 64 bit (AMD64)]",
        "command_line_arguments": "C:\\Users\\Tobias\\anaconda3\\Scripts\\mlagents-learn Assets\\Scripts\\Ai\\Trainer_config.yaml --train --run-id=custom-track-1",
        "mlagents_version": "0.20.0",
        "mlagents_envs_version": "0.20.0",
        "communication_protocol_version": "1.1.0",
        "tensorflow_version": "2.3.1",
        "numpy_version": "1.18.5",
        "end_time_seconds": "1601541328"
    },
    "total": 1051.2837858,
    "count": 1,
    "self": 0.014708100000007107,
    "children": {
        "run_training.setup": {
            "total": 0.017338699999999818,
            "count": 1,
            "self": 0.017338699999999818
        },
        "TrainerController.start_learning": {
            "total": 1051.251739,
            "count": 1,
            "self": 2.251224500012995,
            "children": {
                "TrainerController._reset_env": {
                    "total": 15.4572862,
                    "count": 1,
                    "self": 15.4572862
                },
                "TrainerController.advance": {
                    "total": 1031.0624820999872,
                    "count": 102541,
                    "self": 1.0488696999952936,
                    "children": {
                        "env_step": {
                            "total": 1030.0136123999919,
                            "count": 102541,
                            "self": 958.2681704999927,
                            "children": {
                                "SubprocessEnvManager._take_step": {
                                    "total": 70.46439300001481,
                                    "count": 102541,
                                    "self": 2.176935400000019,
                                    "children": {
                                        "TFPolicy.evaluate": {
                                            "total": 68.28745760001479,
                                            "count": 102541,
                                            "self": 68.28745760001479
                                        }
                                    }
                                },
                                "workers": {
                                    "total": 1.2810488999843521,
                                    "count": 102540,
                                    "self": 0.0,
                                    "children": {
                                        "worker_root": {
                                            "total": 1032.7889632000138,
                                            "count": 102540,
                                            "is_parallel": true,
                                            "self": 164.12464080002064,
                                            "children": {
                                                "steps_from_proto": {
                                                    "total": 0.0060453999999996455,
                                                    "count": 1,
                                                    "is_parallel": true,
                                                    "self": 0.00019979999999897302,
                                                    "children": {
                                                        "_process_vector_observation": {
                                                            "total": 0.0058456000000006725,
                                                            "count": 2,
                                                            "is_parallel": true,
                                                            "self": 0.0058456000000006725
                                                        }
                                                    }
                                                },
                                                "UnityEnvironment.step": {
                                                    "total": 868.6582769999932,
                                                    "count": 102540,
                                                    "is_parallel": true,
                                                    "self": 6.0712864000123545,
                                                    "children": {
                                                        "UnityEnvironment._generate_step_input": {
                                                            "total": 16.465535999992614,
                                                            "count": 102540,
                                                            "is_parallel": true,
                                                            "self": 16.465535999992614
                                                        },
                                                        "communicator.exchange": {
                                                            "total": 820.712558499981,
                                                            "count": 102540,
                                                            "is_parallel": true,
                                                            "self": 820.712558499981
                                                        },
                                                        "steps_from_proto": {
                                                            "total": 25.408896100007183,
                                                            "count": 102540,
                                                            "is_parallel": true,